implementation,maps,round,operation,virtual_ticks,operations
vec,8,0,0,20316,32768
vec,8,0,1,33259,32768
vec,8,0,2,36864,32768
vec,8,0,3,55706,32768
vec,8,0,4,251,8
vec,8,0,5,218,8
vec,8,1,0,20316,32768
vec,8,1,1,33259,32768
vec,8,1,2,36864,32768
vec,8,1,3,55706,32768
vec,8,1,4,244,8
vec,8,1,5,218,8
vec,8,2,0,20316,32768
vec,8,2,1,33260,32768
vec,8,2,2,36864,32768
vec,8,2,3,55706,32768
vec,8,2,4,245,8
vec,8,2,5,218,8
vec,8,3,0,20317,32768
vec,8,3,1,33260,32768
vec,8,3,2,36864,32768
vec,8,3,3,55705,32768
vec,8,3,4,245,8
vec,8,3,5,218,8
vec,8,4,0,20316,32768
vec,8,4,1,33259,32768
vec,8,4,2,36864,32768
vec,8,4,3,55706,32768
vec,8,4,4,245,8
vec,8,4,5,218,8
vec,32,0,0,43909,32768
vec,32,0,1,92242,32768
vec,32,0,2,95846,32768
vec,32,0,3,173670,32768
vec,32,0,4,1781,32
vec,32,0,5,1286,32
vec,32,1,0,43909,32768
vec,32,1,1,92242,32768
vec,32,1,2,95846,32768
vec,32,1,3,173671,32768
vec,32,1,4,1780,32
vec,32,1,5,1287,32
vec,32,2,0,43909,32768
vec,32,2,1,92242,32768
vec,32,2,2,95846,32768
vec,32,2,3,173670,32768
vec,32,2,4,1781,32
vec,32,2,5,1287,32
vec,32,3,0,43910,32768
vec,32,3,1,92242,32768
vec,32,3,2,95846,32768
vec,32,3,3,173671,32768
vec,32,3,4,1780,32
vec,32,3,5,1287,32
vec,32,4,0,43909,32768
vec,32,4,1,92242,32768
vec,32,4,2,95847,32768
vec,32,4,3,173671,32768
vec,32,4,4,1781,32
vec,32,4,5,1286,32
vec,128,0,0,138281,32768
vec,128,0,1,328172,32768
vec,128,0,2,331776,32768
vec,128,0,3,645530,32768
vec,128,0,4,20332,128
vec,128,0,5,12159,128
vec,128,1,0,138281,32768
vec,128,1,1,328171,32768
vec,128,1,2,331776,32768
vec,128,1,3,645530,32768
vec,128,1,4,20332,128
vec,128,1,5,12159,128
vec,128,2,0,138281,32768
vec,128,2,1,328171,32768
vec,128,2,2,331777,32768
vec,128,2,3,645529,32768
vec,128,2,4,20333,128
vec,128,2,5,12159,128
vec,128,3,0,138281,32768
vec,128,3,1,328172,32768
vec,128,3,2,331776,32768
vec,128,3,3,645530,32768
vec,128,3,4,20332,128
vec,128,3,5,12159,128
vec,128,4,0,138281,32768
vec,128,4,1,328171,32768
vec,128,4,2,331777,32768
vec,128,4,3,645529,32768
vec,128,4,4,20332,128
vec,128,4,5,12159,128
vec,512,0,0,515769,32768
vec,512,0,1,1271890,32768
vec,512,0,2,1275495,32768
vec,512,0,3,2532966,32768
vec,512,0,4,292829,512
vec,512,0,5,161218,512
vec,512,1,0,515768,32768
vec,512,1,1,1271890,32768
vec,512,1,2,1275495,32768
vec,512,1,3,2532967,32768
vec,512,1,4,292830,512
vec,512,1,5,161219,512
vec,512,2,0,515768,32768
vec,512,2,1,1271890,32768
vec,512,2,2,1275494,32768
vec,512,2,3,2532967,32768
vec,512,2,4,292830,512
vec,512,2,5,161219,512
vec,512,3,0,515768,32768
vec,512,3,1,1271890,32768
vec,512,3,2,1275494,32768
vec,512,3,3,2532966,32768
vec,512,3,4,292829,512
vec,512,3,5,161218,512
vec,512,4,0,515769,32768
vec,512,4,1,1271890,32768
vec,512,4,2,1275495,32768
vec,512,4,3,2532967,32768
vec,512,4,4,292830,512
vec,512,4,5,161219,512
tree,8,0,0,15197,32768
tree,8,0,1,17818,32768
tree,8,0,2,23470,32768
tree,8,0,3,22528,32768
tree,8,0,4,526,8
tree,8,0,5,327,8
tree,8,1,0,15196,32768
tree,8,1,1,17818,32768
tree,8,1,2,23470,32768
tree,8,1,3,22528,32768
tree,8,1,4,522,8
tree,8,1,5,327,8
tree,8,2,0,15196,32768
tree,8,2,1,17817,32768
tree,8,2,2,23470,32768
tree,8,2,3,22528,32768
tree,8,2,4,522,8
tree,8,2,5,327,8
tree,8,3,0,15196,32768
tree,8,3,1,17817,32768
tree,8,3,2,23470,32768
tree,8,3,3,22528,32768
tree,8,3,4,522,8
tree,8,3,5,326,8
tree,8,4,0,15196,32768
tree,8,4,1,17818,32768
tree,8,4,2,23470,32768
tree,8,4,3,22528,32768
tree,8,4,4,522,8
tree,8,4,5,326,8
tree,32,0,0,19098,32768
tree,32,0,1,21965,32768
tree,32,0,2,30464,32768
tree,32,0,3,28488,32768
tree,32,0,4,2404,32
tree,32,0,5,1485,32
tree,32,1,0,19097,32768
tree,32,1,1,21965,32768
tree,32,1,2,30464,32768
tree,32,1,3,28488,32768
tree,32,1,4,2403,32
tree,32,1,5,1484,32
tree,32,2,0,19098,32768
tree,32,2,1,21965,32768
tree,32,2,2,30464,32768
tree,32,2,3,28487,32768
tree,32,2,4,2404,32
tree,32,2,5,1484,32
tree,32,3,0,19098,32768
tree,32,3,1,21965,32768
tree,32,3,2,30464,32768
tree,32,3,3,28488,32768
tree,32,3,4,2403,32
tree,32,3,5,1485,32
tree,32,4,0,19098,32768
tree,32,4,1,21965,32768
tree,32,4,2,30464,32768
tree,32,4,3,28487,32768
tree,32,4,4,2404,32
tree,32,4,5,1484,32
tree,128,0,0,23621,32768
tree,128,0,1,26642,32768
tree,128,0,2,38557,32768
tree,128,0,3,36152,32768
tree,128,0,4,11187,128
tree,128,0,5,6653,128
tree,128,1,0,23622,32768
tree,128,1,1,26642,32768
tree,128,1,2,38556,32768
tree,128,1,3,36153,32768
tree,128,1,4,11187,128
tree,128,1,5,6653,128
tree,128,2,0,23622,32768
tree,128,2,1,26642,32768
tree,128,2,2,38556,32768
tree,128,2,3,36153,32768
tree,128,2,4,11188,128
tree,128,2,5,6653,128
tree,128,3,0,23622,32768
tree,128,3,1,26642,32768
tree,128,3,2,38556,32768
tree,128,3,3,36153,32768
tree,128,3,4,11188,128
tree,128,3,5,6653,128
tree,128,4,0,23621,32768
tree,128,4,1,26642,32768
tree,128,4,2,38556,32768
tree,128,4,3,36153,32768
tree,128,4,4,11188,128
tree,128,4,5,6653,128
tree,512,0,0,28404,32768
tree,512,0,1,31486,32768
tree,512,0,2,47142,32768
tree,512,0,3,44589,32768
tree,512,0,4,51230,512
tree,512,0,5,29899,512
tree,512,1,0,28404,32768
tree,512,1,1,31486,32768
tree,512,1,2,47142,32768
tree,512,1,3,44589,32768
tree,512,1,4,51230,512
tree,512,1,5,29899,512
tree,512,2,0,28404,32768
tree,512,2,1,31487,32768
tree,512,2,2,47142,32768
tree,512,2,3,44589,32768
tree,512,2,4,51230,512
tree,512,2,5,29899,512
tree,512,3,0,28404,32768
tree,512,3,1,31486,32768
tree,512,3,2,47142,32768
tree,512,3,3,44589,32768
tree,512,3,4,51229,512
tree,512,3,5,29899,512
tree,512,4,0,28404,32768
tree,512,4,1,31486,32768
tree,512,4,2,47142,32768
tree,512,4,3,44589,32768
tree,512,4,4,51230,512
tree,512,4,5,29899,512
